code,chapter,chapter_name,organ_system,title,labels_count,image_filename,front_page,back_page
1-1,1,The Cell,general,The Cell,7,netter_his_1_1.jpg,14,15
1-2,1,The Cell,general,Cell Junctions,5,netter_his_1_2.jpg,16,17
1-3,1,The Cell,general,Nucleus,3,netter_his_1_3.jpg,18,19
1-4,1,The Cell,general,Nucleus,6,netter_his_1_4.jpg,20,21
1-5,1,The Cell,general,Mitochondria,4,netter_his_1_5.jpg,22,23
1-6,1,The Cell,general,Ribosomes,3,netter_his_1_6.jpg,24,25
1-7,1,The Cell,general,Golgi Complex,4,netter_his_1_7.jpg,26,27
1-8,1,The Cell,general,Cytoplasm,5,netter_his_1_8.jpg,28,29
1-9,1,The Cell,general,Inclusions,3,netter_his_1_9.jpg,30,31
1-10,1,The Cell,general,Cytoplasmic Vesicles,4,netter_his_1_10.jpg,32,33
1-11,1,The Cell,general,Cytoskeleton,2,netter_his_1_11.jpg,34,35
2-1,2,Epithelium and Exocrine Glands,general,Classification of Epithelia,9,netter_his_2_1.jpg,36,37
2-2,2,Epithelium and Exocrine Glands,general,Simple Squamous Epithelium,6,netter_his_2_2.jpg,38,39
2-3,2,Epithelium and Exocrine Glands,general,Simple Columnar and Pseudostratified Epithelia,7,netter_his_2_3.jpg,40,41
2-4,2,Epithelium and Exocrine Glands,general,Simple Columnar Epithelium,8,netter_his_2_4.jpg,42,43
2-5,2,Epithelium and Exocrine Glands,general,Stratified Squamous Keratinized Epithelium,4,netter_his_2_5.jpg,44,45
2-6,2,Epithelium and Exocrine Glands,general,Stratified Epithelium,5,netter_his_2_6.jpg,46,47
2-7,2,Epithelium and Exocrine Glands,general,Transitional Epithelium,7,netter_his_2_7.jpg,48,49
2-8,2,Epithelium and Exocrine Glands,general,Classification of Exocrine Glands,6,netter_his_2_8.jpg,50,51
2-9,2,Epithelium and Exocrine Glands,general,Serous Cells,5,netter_his_2_9.jpg,52,53
2-10,2,Epithelium and Exocrine Glands,general,Mucous Cells,5,netter_his_2_10.jpg,54,55
2-11,2,Epithelium and Exocrine Glands,general,Mammary Gland,9,netter_his_2_11.jpg,56,57
3-1,3,Connective Tissue,general,Loose Connective Tissue,10,netter_his_3_1.jpg,58,59
3-2,3,Connective Tissue,general,Dense Connective Tissue,4,netter_his_3_2.jpg,60,61
3-3,3,Connective Tissue,general,Fibroblasts,4,netter_his_3_3.jpg,62,63
3-4,3,Connective Tissue,general,Collagen,5,netter_his_3_4.jpg,64,65
3-5,3,Connective Tissue,general,Elastic Connective Tissue,2,netter_his_3_5.jpg,66,67
3-6,3,Connective Tissue,general,Reticular Connective Tissue,2,netter_his_3_6.jpg,68,69
3-7,3,Connective Tissue,general,Mast Cells,7,netter_his_3_7.jpg,70,71
3-8,3,Connective Tissue,general,Plasma Cells,5,netter_his_3_8.jpg,72,73
3-9,3,Connective Tissue,general,Macrophages,5,netter_his_3_9.jpg,74,75
3-10,3,Connective Tissue,general,Adipose Tissue,6,netter_his_3_10.jpg,76,77
4-1,4,Muscle Tissue,muscular,Skeletal Muscle,6,netter_his_4_1.jpg,78,79
4-2,4,Muscle Tissue,muscular,Skeletal Muscle,9,netter_his_4_2.jpg,80,81
4-3,4,Muscle Tissue,muscular,Sarcomere,7,netter_his_4_3.jpg,82,83
4-4,4,Muscle Tissue,muscular,Satellite Cells,7,netter_his_4_4.jpg,84,85
4-5,4,Muscle Tissue,muscular,Neuromuscular Junction,8,netter_his_4_5.jpg,86,87
4-6,4,Muscle Tissue,muscular,Cardiac Muscle,9,netter_his_4_6.jpg,88,89
4-7,4,Muscle Tissue,muscular,Cardiac Muscle,7,netter_his_4_7.jpg,90,91
4-8,4,Muscle Tissue,muscular,Cardiac Conduction System,5,netter_his_4_8.jpg,92,93
4-9,4,Muscle Tissue,muscular,Smooth Muscle,7,netter_his_4_9.jpg,94,95
4-10,4,Muscle Tissue,muscular,Smooth Muscle,6,netter_his_4_10.jpg,96,97
5-1,5,Nervous Tissue,nervous,Meninges,6,netter_his_5_1.jpg,98,99
5-2,5,Nervous Tissue,nervous,Cerebrum,5,netter_his_5_2.jpg,100,101
5-3,5,Nervous Tissue,nervous,Cerebellum,5,netter_his_5_3.jpg,102,103
5-4,5,Nervous Tissue,nervous,Neuron,7,netter_his_5_4.jpg,104,105
5-5,5,Nervous Tissue,nervous,Neuron,7,netter_his_5_5.jpg,106,107
5-6,5,Nervous Tissue,nervous,Synapse in the CNS,6,netter_his_5_6.jpg,108,109
5-7,5,Nervous Tissue,nervous,Blood-brain Barrier,6,netter_his_5_7.jpg,110,111
5-8,5,Nervous Tissue,nervous,Choroid Plexus,7,netter_his_5_8.jpg,112,113
5-9,5,Nervous Tissue,nervous,Spinal Cord,6,netter_his_5_9.jpg,114,115
5-10,5,Nervous Tissue,nervous,Peripheral Nerve,6,netter_his_5_10.jpg,116,117
5-11,5,Nervous Tissue,nervous,Peripheral Nerve,5,netter_his_5_11.jpg,118,119
5-12,5,Nervous Tissue,nervous,Peripheral Ganglia,5,netter_his_5_12.jpg,120,121
6-1,6,Cartilage and Bone,skeletal,Articular Hyaline Cartilage,5,netter_his_6_1.jpg,122,123
6-2,6,Cartilage and Bone,skeletal,Hyaline Cartilage,6,netter_his_6_2.jpg,124,125
6-3,6,Cartilage and Bone,skeletal,Fibrocartilage,4,netter_his_6_3.jpg,126,127
6-4,6,Cartilage and Bone,skeletal,Elastic Cartilage,3,netter_his_6_4.jpg,128,129
6-5,6,Cartilage and Bone,skeletal,Chondrocyte,5,netter_his_6_5.jpg,130,131
6-6,6,Cartilage and Bone,skeletal,Growth Plate,6,netter_his_6_6.jpg,132,133
6-7,6,Cartilage and Bone,skeletal,Spongy Bone,7,netter_his_6_7.jpg,134,135
6-8,6,Cartilage and Bone,skeletal,Cells of Bone,5,netter_his_6_8.jpg,136,137
6-9,6,Cartilage and Bone,skeletal,Compact Bone,5,netter_his_6_9.jpg,138,139
6-10,6,Cartilage and Bone,skeletal,Synovium,5,netter_his_6_10.jpg,140,141
7-1,7,Blood and Bone Marrow,hematology,Formed Elements of Blood,7,netter_his_7_1.jpg,142,143
7-2,7,Blood and Bone Marrow,hematology,Erythrocytes and Platelets,6,netter_his_7_2.jpg,144,145
7-3,7,Blood and Bone Marrow,hematology,Neutrophil,5,netter_his_7_3.jpg,146,147
7-4,7,Blood and Bone Marrow,hematology,Eosinophil,7,netter_his_7_4.jpg,148,149
7-5,7,Blood and Bone Marrow,hematology,Basophil,4,netter_his_7_5.jpg,150,151
7-6,7,Blood and Bone Marrow,hematology,Lymphocyte,4,netter_his_7_6.jpg,152,153
7-7,7,Blood and Bone Marrow,hematology,Monocyte,5,netter_his_7_7.jpg,154,155
7-8,7,Blood and Bone Marrow,hematology,Bone Marrow,7,netter_his_7_8.jpg,156,157
7-9,7,Blood and Bone Marrow,hematology,Megakaryocyte,4,netter_his_7_9.jpg,158,159
7-10,7,Blood and Bone Marrow,hematology,Erythropoeisis and Granulocytopoeisis,5,netter_his_7_10.jpg,160,161
8-1,8,Cardiovascular System,cardiovascular,Atrium,6,netter_his_8_1.jpg,170,171
8-2,8,Cardiovascular System,cardiovascular,Heart Wall and Pericardium,7,netter_his_8_2.jpg,172,173
8-3,8,Cardiovascular System,cardiovascular,Aorta,5,netter_his_8_3.jpg,174,175
8-4,8,Cardiovascular System,cardiovascular,Coronary Artery,8,netter_his_8_4.jpg,176,177
8-5,8,Cardiovascular System,cardiovascular,Arteriole,8,netter_his_8_5.jpg,178,179
8-6,8,Cardiovascular System,cardiovascular,Arteriole and Venule,7,netter_his_8_6.jpg,180,181
8-7,8,Cardiovascular System,cardiovascular,Small Vein,4,netter_his_8_7.jpg,182,183
8-8,8,Cardiovascular System,cardiovascular,Endothelium,7,netter_his_8_8.jpg,184,185
8-9,8,Cardiovascular System,cardiovascular,Tight Capillary,5,netter_his_8_9.jpg,186,187
8-10,8,Cardiovascular System,cardiovascular,Fenestrated Capillary,4,netter_his_8_10.jpg,188,189
8-11,8,Cardiovascular System,cardiovascular,Lymphatic Vessel,4,netter_his_8_11.jpg,190,191
9-1,9,Lymphoid System,immune,Lymphoid Tissue,7,netter_his_9_1.jpg,192,193
9-2,9,Lymphoid System,immune,Lymphatic Vessel,5,netter_his_9_2.jpg,194,195
9-3,9,Lymphoid System,immune,Lymph Node,7,netter_his_9_3.jpg,196,197
9-4,9,Lymphoid System,immune,Lymph Node,9,netter_his_9_4.jpg,198,199
9-5,9,Lymphoid System,immune,High Endothelial Venule,5,netter_his_9_5.jpg,200,201
9-6,9,Lymphoid System,immune,Tonsil,6,netter_his_9_6.jpg,202,203
9-7,9,Lymphoid System,immune,Thymus,5,netter_his_9_7.jpg,204,205
9-8,9,Lymphoid System,immune,Spleen,5,netter_his_9_8.jpg,206,207
9-9,9,Lymphoid System,immune,White Pulp,9,netter_his_9_9.jpg,208,209
9-10,9,Lymphoid System,immune,Red Pulp,5,netter_his_9_10.jpg,210,211
10-1,10,Endocrine System,endocrine,Pituitary,9,netter_his_10_1.jpg,212,213
10-2,10,Endocrine System,endocrine,Intermediate Lobe,5,netter_his_10_2.jpg,214,215
10-3,10,Endocrine System,endocrine,Anterior Pituitary,7,netter_his_10_3.jpg,216,217
10-4,10,Endocrine System,endocrine,Posterior Pituitary,7,netter_his_10_4.jpg,218,219
10-5,10,Endocrine System,endocrine,Thyroid,6,netter_his_10_5.jpg,220,221
10-6,10,Endocrine System,endocrine,Parathyroid,6,netter_his_10_6.jpg,222,223
10-7,10,Endocrine System,endocrine,Adrenal,5,netter_his_10_7.jpg,224,225
10-8,10,Endocrine System,endocrine,Adrenal,7,netter_his_10_8.jpg,226,227
10-9,10,Endocrine System,endocrine,Spongiocyte,5,netter_his_10_9.jpg,228,229
10-10,10,Endocrine System,endocrine,Pancreas,6,netter_his_10_10.jpg,230,231
10-11,10,Endocrine System,endocrine,Islet of Langerhans,8,netter_his_10_11.jpg,232,233
10-12,10,Endocrine System,endocrine,Pineal,5,netter_his_10_12.jpg,234,235
11-1,11,Integumentary System,integumentary,Thin Skin,6,netter_his_11_1.jpg,236,237
11-2,11,Integumentary System,integumentary,Thick Skin,6,netter_his_11_2.jpg,238,239
11-3,11,Integumentary System,integumentary,Epidermis,6,netter_his_11_3.jpg,240,241
11-4,11,Integumentary System,integumentary,Keratinocytes,5,netter_his_11_4.jpg,242,243
11-5,11,Integumentary System,integumentary,Melanocytes,3,netter_his_11_5.jpg,244,245
11-6,11,Integumentary System,integumentary,Langerhans Cells,5,netter_his_11_6.jpg,246,247
11-7,11,Integumentary System,integumentary,Vasculature of the Dermis,6,netter_his_11_7.jpg,248,249
11-8,11,Integumentary System,integumentary,Eccrine Sweat Gland,6,netter_his_11_8.jpg,250,251
11-9,11,Integumentary System,integumentary,Pilosebaceous Unit,7,netter_his_11_9.jpg,252,253
11-10,11,Integumentary System,integumentary,Hair and Its Follicle,7,netter_his_11_10.jpg,254,255
11-11,11,Integumentary System,integumentary,Sebaceous Gland,5,netter_his_11_11.jpg,256,257
11-12,11,Integumentary System,integumentary,Nails,5,netter_his_11_12.jpg,258,259
12-1,12,Upper Digestive System,gastrointestinal,Lip,6,netter_his_12_1.jpg,260,261
12-2,12,Upper Digestive System,gastrointestinal,Gingiva,7,netter_his_12_2.jpg,262,263
12-3,12,Upper Digestive System,gastrointestinal,Tongue,6,netter_his_12_3.jpg,264,265
12-4,12,Upper Digestive System,gastrointestinal,Palate,6,netter_his_12_4.jpg,266,267
12-5,12,Upper Digestive System,gastrointestinal,Teeth,8,netter_his_12_5.jpg,268,269
12-6,12,Upper Digestive System,gastrointestinal,Salivary Glands,7,netter_his_12_6.jpg,270,271
12-7,12,Upper Digestive System,gastrointestinal,Striated Ducts,6,netter_his_12_7.jpg,272,273
12-8,12,Upper Digestive System,gastrointestinal,Esophagus,7,netter_his_12_8.jpg,274,275
12-9,12,Upper Digestive System,gastrointestinal,Esophagus,5,netter_his_12_9.jpg,276,277
12-10,12,Upper Digestive System,gastrointestinal,Esophago-Gastric Junction,6,netter_his_12_10.jpg,278,279
12-11,12,Upper Digestive System,gastrointestinal,Enteric Nervous System,6,netter_his_12_11.jpg,280,281
13-1,13,Lower Digestive System,gastrointestinal,Stomach,6,netter_his_13_1.jpg,282,283
13-2,13,Lower Digestive System,gastrointestinal,Stomach,6,netter_his_13_2.jpg,284,285
13-3,13,Lower Digestive System,gastrointestinal,Parietal Cells,6,netter_his_13_3.jpg,286,287
13-4,13,Lower Digestive System,gastrointestinal,Chief Cells,7,netter_his_13_4.jpg,288,289
13-5,13,Lower Digestive System,gastrointestinal,Enteroendocrine Cells,6,netter_his_13_5.jpg,290,291
13-6,13,Lower Digestive System,gastrointestinal,Duodenum,7,netter_his_13_6.jpg,292,293
13-7,13,Lower Digestive System,gastrointestinal,Jejunum,7,netter_his_13_7.jpg,294,295
13-8,13,Lower Digestive System,gastrointestinal,Gastroduodenal Junction,7,netter_his_13_8.jpg,296,297
13-9,13,Lower Digestive System,gastrointestinal,Enterocytes,7,netter_his_13_9.jpg,298,299
13-10,13,Lower Digestive System,gastrointestinal,Goblet Cells,6,netter_his_13_10.jpg,300,301
13-11,13,Lower Digestive System,gastrointestinal,Paneth Cells,7,netter_his_13_11.jpg,302,303
13-12,13,Lower Digestive System,gastrointestinal,Appendix,7,netter_his_13_12.jpg,304,305
13-13,13,Lower Digestive System,gastrointestinal,Rectoanal Junction,7,netter_his_13_13.jpg,306,307
14-1,14,"Liver, Gallbladder, and Exocrine Pancreas",gastrointestinal,Liver,6,netter_his_14_1.jpg,308,309
14-2,14,"Liver, Gallbladder, and Exocrine Pancreas",gastrointestinal,Hepatic Lobule,5,netter_his_14_2.jpg,310,311
14-3,14,"Liver, Gallbladder, and Exocrine Pancreas",gastrointestinal,Portal Tract and Central Vein,5,netter_his_14_3.jpg,312,313
14-4,14,"Liver, Gallbladder, and Exocrine Pancreas",gastrointestinal,Liver Acinus,4,netter_his_14_4.jpg,314,315
14-5,14,"Liver, Gallbladder, and Exocrine Pancreas",gastrointestinal,Hepatocyte,6,netter_his_14_5.jpg,316,317
14-6,14,"Liver, Gallbladder, and Exocrine Pancreas",gastrointestinal,Hepatocyte,6,netter_his_14_6.jpg,318,319
14-7,14,"Liver, Gallbladder, and Exocrine Pancreas",gastrointestinal,Hepatic Sinusoid,6,netter_his_14_7.jpg,320,321
14-8,14,"Liver, Gallbladder, and Exocrine Pancreas",gastrointestinal,Biliary Duct System,6,netter_his_14_8.jpg,322,323
14-9,14,"Liver, Gallbladder, and Exocrine Pancreas",gastrointestinal,Gallbladder,6,netter_his_14_9.jpg,324,325
14-10,14,"Liver, Gallbladder, and Exocrine Pancreas",gastrointestinal,Gallbladder Epithelium,7,netter_his_14_10.jpg,326,327
14-11,14,"Liver, Gallbladder, and Exocrine Pancreas",gastrointestinal,Pancreas,6,netter_his_14_11.jpg,328,329
14-12,14,"Liver, Gallbladder, and Exocrine Pancreas",gastrointestinal,Pancreatic Acinus,6,netter_his_14_12.jpg,330,331
15-1,15,Respiratory System,respiratory,Respiratory Mucosa,6,netter_his_15_1.jpg,332,333
15-2,15,Respiratory System,respiratory,Epiglottis,5,netter_his_15_2.jpg,334,335
15-3,15,Respiratory System,respiratory,Larynx and Vocal Cord,6,netter_his_15_3.jpg,336,337
15-4,15,Respiratory System,respiratory,Trachea,6,netter_his_15_4.jpg,338,339
15-5,15,Respiratory System,respiratory,Tracheal Epithelium,7,netter_his_15_5.jpg,340,341
15-6,15,Respiratory System,respiratory,Respiratory Cilia,7,netter_his_15_6.jpg,342,343
15-7,15,Respiratory System,respiratory,Bronchus,5,netter_his_15_7.jpg,344,345
15-8,15,Respiratory System,respiratory,Bronchiole,4,netter_his_15_8.jpg,346,347
15-9,15,Respiratory System,respiratory,Clara Cells,4,netter_his_15_9.jpg,348,349
15-10,15,Respiratory System,respiratory,Pulmonary Alveoli,6,netter_his_15_10.jpg,350,351
15-11,15,Respiratory System,respiratory,Blood-Air Barrier,5,netter_his_15_11.jpg,352,353
15-12,15,Respiratory System,respiratory,Type II Pneumocyte,6,netter_his_15_12.jpg,354,355
16-1,16,Urinary System,renal,Kidney,6,netter_his_16_1.jpg,356,357
16-2,16,Urinary System,renal,Uriniferous Tubule,6,netter_his_16_2.jpg,358,359
16-3,16,Urinary System,renal,Renal Corpuscle,6,netter_his_16_3.jpg,360,361
16-4,16,Urinary System,renal,Renal Corpuscle and Podocytes,6,netter_his_16_4.jpg,362,363
16-5,16,Urinary System,renal,Renal Filtration Barrier,7,netter_his_16_5.jpg,364,365
16-6,16,Urinary System,renal,Proximal Tubule,7,netter_his_16_6.jpg,366,367
16-7,16,Urinary System,renal,Collecting Duct,6,netter_his_16_7.jpg,368,369
16-8,16,Urinary System,renal,Ureter,6,netter_his_16_8.jpg,370,371
16-9,16,Urinary System,renal,Urinary Bladder,6,netter_his_16_9.jpg,372,373
16-10,16,Urinary System,renal,Urethra,7,netter_his_16_10.jpg,374,375
17-1,17,Male Reproductive System,reproductive,Male Reproductive System,6,netter_his_17_1.jpg,376,377
17-2,17,Male Reproductive System,reproductive,Testis and Seminiferous Tubule,6,netter_his_17_2.jpg,378,379
17-3,17,Male Reproductive System,reproductive,Spermatozoa,6,netter_his_17_3.jpg,380,381
17-4,17,Male Reproductive System,reproductive,Seminiferous Epithelium,5,netter_his_17_4.jpg,382,383
17-5,17,Male Reproductive System,reproductive,Epididymis,6,netter_his_17_5.jpg,384,385
17-6,17,Male Reproductive System,reproductive,Vas (ductus) Deferens,6,netter_his_17_6.jpg,386,387
17-7,17,Male Reproductive System,reproductive,Prostate,6,netter_his_17_7.jpg,388,389
17-8,17,Male Reproductive System,reproductive,Prostatic Epithelium,7,netter_his_17_8.jpg,390,391
17-9,17,Male Reproductive System,reproductive,Seminal Vesicle,5,netter_his_17_9.jpg,392,393
17-10,17,Male Reproductive System,reproductive,Urethra and Penis,6,netter_his_17_10.jpg,394,395
18-1,18,Female Reproductive System,reproductive,Female Reproductive System,6,netter_his_18_1.jpg,396,397
18-2,18,Female Reproductive System,reproductive,Ovaries,6,netter_his_18_2.jpg,398,399
18-3,18,Female Reproductive System,reproductive,Ovarian Follicles,5,netter_his_18_3.jpg,400,401
18-4,18,Female Reproductive System,reproductive,Corpus Luteum,6,netter_his_18_4.jpg,402,403
18-5,18,Female Reproductive System,reproductive,Uterine (fallopian) Tubes,6,netter_his_18_5.jpg,404,405
18-6,18,Female Reproductive System,reproductive,Uterus,6,netter_his_18_6.jpg,406,407
18-7,18,Female Reproductive System,reproductive,Endometrium,6,netter_his_18_7.jpg,408,409
18-8,18,Female Reproductive System,reproductive,Uterine Cervix,6,netter_his_18_8.jpg,410,411
18-9,18,Female Reproductive System,reproductive,External Genitalia and Vagina,6,netter_his_18_9.jpg,412,413
18-10,18,Female Reproductive System,reproductive,Placenta,6,netter_his_18_10.jpg,414,415
18-11,18,Female Reproductive System,reproductive,Umbilical Cord,6,netter_his_18_11.jpg,416,417
18-12,18,Female Reproductive System,reproductive,Mammary Gland,6,netter_his_18_12.jpg,418,419
19-1,19,Eye and Adnexa,special-senses,Eyeball,6,netter_his_19_1.jpg,420,421
19-2,19,Eye and Adnexa,special-senses,Cornea,6,netter_his_19_2.jpg,422,423
19-3,19,Eye and Adnexa,special-senses,Iris,6,netter_his_19_3.jpg,424,425
19-4,19,Eye and Adnexa,special-senses,Lens,6,netter_his_19_4.jpg,426,427
19-5,19,Eye and Adnexa,special-senses,Ciliary Body,6,netter_his_19_5.jpg,428,429
19-6,19,Eye and Adnexa,special-senses,Canal of Schlemm and Aqueous Humor,6,netter_his_19_6.jpg,430,431
19-7,19,Eye and Adnexa,special-senses,Retina,6,netter_his_19_7.jpg,432,433
19-8,19,Eye and Adnexa,special-senses,Photoreceptors,6,netter_his_19_8.jpg,434,435
19-9,19,Eye and Adnexa,special-senses,Retinal Pigment Epithelium,6,netter_his_19_9.jpg,436,437
19-10,19,Eye and Adnexa,special-senses,Eyelid,6,netter_his_19_10.jpg,438,439
19-11,19,Eye and Adnexa,special-senses,Lacrimal Gland,6,netter_his_19_11.jpg,440,441
20-1,20,Special Senses,special-senses,Ear,6,netter_his_20_1.jpg,442,443
20-2,20,Special Senses,special-senses,External Acoustic Meatus,6,netter_his_20_2.jpg,444,445
20-3,20,Special Senses,special-senses,Middle Ear and Auditory Tube,6,netter_his_20_3.jpg,446,447
20-4,20,Special Senses,special-senses,Cochlea,6,netter_his_20_4.jpg,448,449
20-5,20,Special Senses,special-senses,Organ of Corti,7,netter_his_20_5.jpg,450,451
20-6,20,Special Senses,special-senses,Vestibular Receptors,7,netter_his_20_6.jpg,452,453
20-7,20,Special Senses,special-senses,Olfactory Mucosa,6,netter_his_20_7.jpg,454,455
20-8,20,Special Senses,special-senses,Taste Buds,6,netter_his_20_8.jpg,456,457
20-9,20,Special Senses,special-senses,Merkel Cells,6,netter_his_20_9.jpg,458,459
20-10,20,Special Senses,special-senses,Cutaneous Receptors,6,netter_his_20_10.jpg,460,461
20-11,20,Special Senses,special-senses,Carotid Body and Carotid Sinus,6,netter_his_20_11.jpg,462,463
20-12,20,Special Senses,special-senses,Muscle Spindles,6,netter_his_20_12.jpg,464,465
20-13,20,Special Senses,special-senses,Muscle and Joint Receptors,6,netter_his_20_13.jpg,466,467
